Year,Title,Authors,Publisher,Paper,Type,Code,Institutions,XMU,Germany-UK,ZJU,USTC,THU
2024,Conditional Variational Autoencoder for Sign Language Translation with Cross-Modal Alignment,"Rui Zhao, Liang Zhang, Biao Fu, Cong Hu, Jinsong Su, Yidong Chen",AAAI 2024,,SLT,https://github.com/rzhao-zhsq/CV-SLT,,1,,,,
2024,An Explicit Multi-Modal Fusion Method For Sign Language Translation,"Cong Hu, Biao Fu, Pei Yu, Liang Zhang, Xiaodong Shi, Yidong Chen",ICASSP 2024,,SLT,,,1,,,,
2023,CVT-SLR: Contrastive Visual-Textual Transformation for Sign Language Recognition with Variational Alignment,"Jiangbin Zheng, Yile Wang, Cheng Tan, Siyuan Li, Ge Wang, Jun Xia, Yidong Chen, Stan Z. Li",CVPR 2023 `(Highlight Paper)`,https://openaccess.thecvf.com/content/CVPR2023/html/Zheng_CVT-SLR_Contrastive_Visual-Textual_Transformation_for_Sign_Language_Recognition_With_Variational_CVPR_2023_paper.html,SLR,https://github.com/binbinjiang/CVT-SLR,Westlake University & Zhejiang University & Xiamen University & Tsinghua University,1,,1,,1
2023,Efficient Sign Language Translation with a Curriculum-based NAR Decoder,"Pei Yu1, Liang Zhang, Biao Fu1, Yidong Chen",IJCAI 2023,https://www.ijcai.org/proceedings/2023/0584.pdf,SLT,,,1,,,,
2023,A Token-level Contrastive Framework for Sign Language Translation,"Biao Fu, Peigen Ye, Liang Zhang, Pei Yu, Cong Hu, Yidong Chen, Xiaodong Shi",ICASSP 2023,https://arxiv.org/pdf/2204.04916.pdf,SLT,,,1,,,,
2023,Self-Emphasizing Network for Continuous Sign Language Recognition,"Lianyu Hu, Liqing Gao, Zekang liu, Wei Feng",AAAI 2023,https://arxiv.org/pdf/2211.17081.pdf,SLR,,,,,,,
2023,Scaling Back-Translation with Domain Text Generation for Sign Language Gloss Translation,"Jinhui Ye, Wenxiang Jiao, Xing Wang, Zhaopeng Tu",EACL 2023,https://arxiv.org/abs/2210.07054,Sign Gloss Translation,,,,,,,
2022,Leveraging Graph-based Cross-modal Information Fusion for Neural Sign Language Translation,,Arxiv 2022,https://arxiv.org/pdf/2211.00526.pdf,SLT,,,1,,,,
2022,A Simple Multi-Modality Transfer Learning Baseline for Sign Language Translation,"Yutong Chen, Fangyun Wei, Xiao Sun, Zhirong Wu, Stephen Lin",CVPR 2022,https://arxiv.org/abs/2203.04287,SLT,,,,,,,1
2022,MLSLT: Towards Multilingual Sign Language Translation,"Aoxiong Yin, Zhou Zhao, Weike Jin, Meng Zhang, Xingshan Zeng, Xiaofei He",CVPR 2022,https://openaccess.thecvf.com/content/CVPR2022/papers/Yin_MLSLT_Towards_Multilingual_Sign_Language_Translation_CVPR_2022_paper.pdf,SLT,,,,,,,
2022,C2SLR: Consistency-Enhanced Continuous Sign Language Recognition,"Ronglai Zuo, Brian Mak",CVPR 2022,https://openaccess.thecvf.com/content/CVPR2022/html/Zuo_C2SLR_Consistency-Enhanced_Continuous_Sign_Language_Recognition_CVPR_2022_paper.html,SLR,,,,,,,
2022,Two-Stream Network for Sign Language Recognition and Translation,"Yutong Chen, Ronglai Zuo, Fangyun Wei, Yu Wu, Shujie Liu, Brian Mak",NeurIPS 2022,https://arxiv.org/abs/2211.01367,SLT & SLR,,,,,,,
2022,Open-Domain Sign Language Translation Learned from Online Video,"Bowen Shi, Diane Brentari, Greg Shakhnarovich, Karen Livescu",EMNLP 2022,https://arxiv.org/abs/2205.12870,SLT,,,,,,,
2022,Explore More Guidance: A Task-aware Instruction Network for Sign Language Translation Enhanced with Data Augmentation,"Yong Cao, Wei Li, Xianzhi Li, Min Chen, Guangyong Chen, Long Hu, Zhengdao Li, Hwang Kai",NAACL 2022 Findings,https://arxiv.org/pdf/2204.05953.pdf,SLT,,,,,,,
2022,WLASL-LEX: a Dataset for Recognising Phonological Properties in American Sign Language,"Federico Tavella, Viktor Schlegel, Marta Romeo, Aphrodite Galata, Angelo Cangelosi",ACL 2022,https://arxiv.org/pdf/2203.06096.pdf,Dataset,,,,,,,
2022,Searching for fingerspelled content in American Sign Language,"Bowen Shi, Diane Brentari, Greg Shakhnarovich, Karen Livescu",ACL 2022,https://arxiv.org/pdf/2203.13291.pdf,Fingerspelled SL,,,,,,,
2022,Automatic dense annotation of large-vocabulary sign language videos,"Liliane Momeni, Hannah Bull, K R Prajwal, Samuel Albanie, G��l Varol, Andrew Zisserman",ECCV 2022,https://arxiv.org/pdf/2208.02802.pdf,Annotation,,,,,,,
2022,Temporal Lift Pooling for Continuous Sign Language Recognition,"Lianyu Hu, Liqing Gao, Zekang Liu, Wei Feng",ECCV 2022,https://arxiv.org/abs/2207.08734,SLR,,,,,,,
2022,MC-SLT: Towards Low-Resource Signer-Adaptive Sign Language Translation,"Tao Jin, Zhou Zhao, Meng Zhang, Xingshan Zeng",ACMMM 2022,https://dl.acm.org/doi/abs/10.1145/3503161.3548069,SLT,,,,,,,
2022,Sign Language Translation With Hierarchical Spatio-Temporal Graph Neural Network,"Jichao Kan, Kun Hu, Markus Hagenbuchner, Ah Chung Tsoi, Mohammed Bennamoun, Zhiyong Wang",WACV 2022,https://openaccess.thecvf.com/content/WACV2022/papers/Kan_Sign_Language_Translation_With_Hierarchical_Spatio-Temporal_Graph_Neural_Network_WACV_2022_paper.pdf,SLT,,,,,,,
2021,Enhancing neural sign language translation by highlighting the facial expression information,,Neurocomputing 2021,https://www.sciencedirect.com/science/article/abs/pii/S0925231221012698,SLT,,,1,,,,
2021,Spatial-Temporal Multi-Cue Network for Sign Language Recognition and Translation,"Hao Zhou, Wengang Zhou, Yun Zhou, Houqiang Li",TMM 2021,https://ieeexplore.ieee.org/abstract/document/9354538/,SLT & SLR,,,,,,,
2021,YouRefIt: Embodied Reference Understanding With Language and Gesture,Yixin Chen; Qing Li; Deqian Kong; Yik Lun Kei; Song-Chun Zhu; Tao Gao; Yixin Zhu; Siyuan Huang,ICCV 2021,https://arxiv.org/abs/2109.03413,SLR,,,,,,,
2021,Speech Drives Templates: Co-Speech Gesture Synthesis With Learned Templates,Shenhan Qian; Zhi Tu; Yihao Zhi; Wen Liu; Shenghua Gao,ICCV 2021,https://arxiv.org/abs/2108.08020,SLR,,,,,,,
2021,Audio2Gestures: Generating Diverse Gestures From Speech Audio With Conditional Variational Autoencoders,Jing Li; Di Kang; Wenjie Pei; Xuefei Zhe; Ying Zhang; Zhenyu He; Linchao Bao,ICCV 2021,https://arxiv.org/abs/2108.06720,SLR,,,,,,,
2021,Aligning Subtitles in Sign Language Videos,Hannah Bull; Triantafyllos Afouras; G��l Varol; Samuel Albanie; Liliane Momeni; Andrew Zisserman,ICCV 2021,https://arxiv.org/abs/2105.02877,SLR,,,,,,,
2021,Mixed SIGNals: Sign Language Production via a Mixture of Motion Primitives,Ben Saunders; Necati Cihan Camgoz; Richard Bowden,ICCV 2021,https://arxiv.org/abs/2107.11317,SLR,,,,,,,
2021,SignBERT: Pre-Training of Hand-Model-Aware Representation for Sign Language Recognition,Hezhen Hu; Weichao Zhao; Wengang Zhou; Yuechen Wang; Houqiang Li,ICCV 2021,https://arxiv.org/pdf/2110.05382.pdf,SLR,,,,,,,
2021,Visual Alignment Constraint for Continuous Sign Language Recognition,"Yuecong Min, Aiming Hao, Xiujuan Chai, and Xilin Chen",ICCV 2021,https://arxiv.org/abs/2104.02330,SLR,https://github.com/ycmin95/VAC_CSLR,,,,,,
2021,Self-Mutual Distillation Learning for Continuous Sign Language Recognition,"Aiming Hao, Yuecong Min, and Xilin Chen",ICCV 2021,https://ieeexplore.ieee.org/stamp/stamp.jsp?tp=&arnumber=9710140,SLR,,,,,,,
2021,Improving Sign Language Translation With Monolingual Data by Sign Back-Translation,"Hao Zhou, Wengang Zhou, Weizhen Qi, Junfu Pu, Houqiang Li",CVPR 2021,https://arxiv.org/abs/2105.12397,SLR,,,,,,,
2021,How2Sign: A Large-Scale Multimodal Dataset for Continuous American Sign Language,"Amanda Duarte, Shruti Palaskar, Lucas Ventura, Deepti Ghadiyaram, Kenneth DeHaan, Florian Metze, Jordi Torres, Xavier Giro-i-Nieto",CVPR 2021,https://arxiv.org/abs/2008.08143,SLR,,,,,,,
2021,Fingerspelling Detection in American Sign Language,"Bowen Shi, Diane Brentari, Greg Shakhnarovich, Karen Livescu",CVPR 2021,https://arxiv.org/abs/2104.01291,SLR,,,,,,,
2021,Read and Attend: Temporal Localisation in Sign Language Videos,"G��l Varol, Liliane Momeni, Samuel Albanie, Triantafyllos Afouras, Andrew Zisserman",CVPR 2021,https://arxiv.org/abs/2103.16481,SLR,,,,,,,
2021,iMiGUE: An Identity-Free Video Dataset for Micro-Gesture Understanding and Emotion Analysis,"Xin Liu, Henglin Shi, Haoyu Chen, Zitong Yu, Xiaobai Li, Guoying Zhao",CVPR 2021,https://openaccess.thecvf.com/content/CVPR2021/html/Liu_iMiGUE_An_Identity-Free_Video_Dataset_for_Micro-Gesture_Understanding_and_Emotion_CVPR_2021_paper.html,SLR,,,,,,,
2021,Body2Hands: Learning To Infer 3D Hands From Conversational Gesture Body Dynamics,"Evonne Ng, Shiry Ginosar, Trevor Darrell, Hanbyul Joo",CVPR 2021,https://arxiv.org/abs/2007.12287,SLR,,,,,,,
2021,Model-Aware Gesture-to-Gesture Translation,"Hezhen Hu, Weilun Wang, Wengang Zhou, Weichao Zhao, Houqiang Li",CVPR 2021,https://openaccess.thecvf.com/content/CVPR2021/html/Hu_Model-Aware_Gesture-to-Gesture_Translation_CVPR_2021_paper.html,SLR,,,,,,,
2021,Hand-Model-Aware Sign Language Recognition,"Hezhen Hu, Wengang Zhou, Houqiang Li",AAAI 2021,https://ojs.aaai.org/index.php/AAAI/article/view/16247,SLR,,,,,,,
2021,Regional Attention with Architecture-Rebuilt 3D Network for RGB-D Gesture Recognition,"Benjia Zhou, Yunan Li, Jun Wan",AAAI 2021,https://arxiv.org/pdf/2102.05348.pdf,SLR,,,,,,,
2021,Hand Pose Guided 3D Pooling for Word-level Sign Language Recognition,Al Amin Hosain; Panneer Selvam Santhalingam; Parth Pathak; Huzefa Rangwala; Jana Kosecka,WACV 2021,https://openaccess.thecvf.com/content/WACV2021/papers/Hosain_Hand_Pose_Guided_3D_Pooling_for_Word-Level_Sign_Language_Recognition_WACV_2021_paper.pdf,SLR,,,,,,,
2021,Whose hand is this? Person Identification from Egocentric Hand Gestures,Satoshi Tsutsui; Yanwei Fu; David Crandall,WACV 2021,https://arxiv.org/abs/2011.08900,SLR,,,,,,,
2020,INCLUDE: A Large Scale Dataset for Indian Sign Language Recognition,"Sridhar, Advaith, Rohith Gandhi Ganesan, Pratyush Kumar, and Mitesh Khapra",ACMMM 2020,https://dl.acm.org/doi/abs/10.1145/3394171.3413528,SLR,,,,,,,
2020,Boosting Continuous Sign Language Recognition via Cross Modality Augmentation,"Pu, Junfu, Wengang Zhou, Hezhen Hu, and Houqiang Li",ACMMM 2020,https://arxiv.org/pdf/2010.05264.pdf,SLR,,,,,,1,
2020,Recognizing Camera Wearer from Hand Gestures in Egocentric Videos,"Thapar, Daksh, Aditya Nigam, and Chetan Arora",ACMMM 2020,http://www.cse.iitd.ac.in/~chetan/papers/daksh-mm-2020.pdf,SLR,,,,,,,
2020,TSPNet: Hierarchical Feature Learning via Temporal Semantic Pyramid for Sign Language Translation,"Li, Dongxu, Chenchen Xu, Xin Yu, Kaihao Zhang, Benjamin Swift, Hanna Suominen, and Hongdong Li",NeurIPS 2020,https://proceedings.neurips.cc/paper/2020/file/8c00dee24c9878fea090ed070b44f1ab-Paper.pdf,SLR,,,,,,,
2020,Feature Selection for Zero-Shot Gesture Recognition,"Naveen Madapana, Juan Wachs",FG 2020,https://www.computer.org/csdl/proceedings-article/fg/2020/307900a309/1kecI8r1WXC,SLR,,,,,,,
2020,Image-Based Pose Representation for Action Recognition and Hand Gesture Recognition,"Zeyi Lin, Wei Zhang, Xiaoming Deng, Cuixia Ma, Hongan Wang",FG 2020,https://ieeexplore.ieee.org/stamp/stamp.jsp?tp=&arnumber=9320255,SLR,,,,,,,
2020,Neural Sign Language Translation by Learning Tokenization,"Orbay, Alptekin, and Lale Akarun",FG 2020,https://arxiv.org/pdf/2002.00479.pdf,SLT,,,,,,,
2020,Sign Language Recognition in Virtual Reality,"Jacob Schioppo, Zachary Meyer, Diego Fabiano, Shaun Canavan",FG 2020,https://www.computer.org/csdl/proceedings-article/fg/2020/307900a185/1kecI0aXAje,SLR,,,,,,,
2020,SILFA: Sign Language Facial Action Database for the Development of Assistive Technologies for the Deaf,"Emely Puj��lli da Silva, Paula Dornhofer Paro Costa, Kate Mamhy Oliveira Kumada, Jos�� Mario De Martino",FG 2020,https://www.computer.org/csdl/proceedings-article/fg/2020/307900a382/1kecIdR70Y0,Dataset,,,,,,,
2020,FineHand: Learning Hand Shapes for American Sign Language Recognition,"Al Amin Hosain, Panneer Selvam Santhalingam, Parth Pathak, Huzefa Rangwala, Jana Ko?eck��",FG 2020,https://arxiv.org/pdf/2003.08753.pdf,SLR,,,,,,,
2020,Introduction and Analysis of an Event-Based Sign Language Dataset,"Ajay Vasudevan, Pablo Negri, Bernabe Linares-Barranco, Teresa Serrano-Gotarredona",FG 2020,https://www.computer.org/csdl/proceedings-article/fg/2020/307900a441/1kecIyj5b0c,Dataset,,,,,,,
2020,Towards a Visual Sign Language Dataset for Home Care Services,"D. Kosmopoulos, I. Oikonomidis, C. Constantinopoulos, N. Arvanitis, K. Antzakas, A. Bifis, G. Lydakis, A. Roussos, A. Argyros",FG 2020,https://www.computer.org/csdl/proceedings-article/fg/2020/307900a622/1kecIMIW1Bm,Dataset,,,,,,,
2020,BSL-1K: Scaling up co-articulated sign language recognition using mouthing cues,"Samuel Albanie, G��l Varol, Liliane Momeni, Triantafyllos Afouras, Joon Son Chung, Neil Fox, Andrew Zisserman",ECCV 2020,http://www.ecva.net/papers/eccv_2020/papers_ECCV/papers/123560035.pdf,SLR,,,,,,,
2020,Progressive Transformers for End-to-End Sign Language Production,"Ben Saunders, Necati Cihan Camgoz, and Richard Bowden",ECCV 2020,https://arxiv.org/pdf/2004.14874.pdf,SLP,https://github.com/BenSaunders27/ProgressiveTransformersSLP,,,,,,
2020,Stochastic Fine-grained Labeling of Multi-state Sign Glosses for Continuous Sign Language Recognition,"Niu Zhe, Brian Mak",ECCV 2020,http://www.ecva.net/papers/eccv_2020/papers_ECCV/papers/123610171.pdf,SLR,,,,,,,
2020,Fully Convolutional Networks for Continuous Sign Language Recognition,"Ka Leong Cheng, Zhaoyang Yang, Qifeng Chen, and Yu-Wing Tai",ECCV 2020,https://arxiv.org/pdf/2007.12402v1.pdf,SLR,,,,,,,
2020,Collaborative Learning of Gesture Recognition and 3D Hand Pose Estimation with Multi-Order Feature Analysis,"Yang, Siyuan, Jun Liu, Shijian Lu, Meng Hwa Er, and Alex C. Kot",ECCV 2020,http://www.ecva.net/papers/eccv_2020/papers_ECCV/papers/123480766.pdf,SLR,,,,,,,
2020,Style Transfer for Co-Speech Gesture Animation: A Multi-Speaker Conditional-Mixture Approach,"Chaitanya Ahuja, Dong Won Lee, Yukiko I. Nakano, and Louis-Philippe Morency",ECCV 2020,https://arxiv.org/pdf/2007.12553.pdf,SLR,,,,,,,
2020,Towards Efficient Coarse-to-Fine Networks for Action and Gesture Recognition,"Quader, Niamul, Juwei Lu, Peng Dai, and Wei Li",ECCV 2020,https://www.ecva.net/papers/eccv_2020/papers_ECCV/papers/123750035.pdf,SLR,,,,,,,
2020,Decoupled Representation Learning for Skeleton-Based Gesture Recognition,"Jianbo Liu, Yongcheng Liu, Ying Wang, V��ronique Prinet, Shiming Xiang, Chunhong Pan",CVPR 2020,http://openaccess.thecvf.com/content_CVPR_2020/papers/Liu_Decoupled_Representation_Learning_for_Skeleton-Based_Gesture_Recognition_CVPR_2020_paper.pdf,SLR,,,,,,,
2020,An Efficient PointLSTM for Point Clouds Based Gesture Recognition,"Yuecong Min, Yanxiao Zhang, Xiujuan Chai, Xilin Chen",CVPR 2020,http://openaccess.thecvf.com/content_CVPR_2020/papers/Min_An_Efficient_PointLSTM_for_Point_Clouds_Based_Gesture_Recognition_CVPR_2020_paper.pdf,SLR,,,,,,,
2020,Transferring Cross-Domain Knowledge for Video Sign Language Recognition,"Dongxu Li, Xin Yu, Chenchen Xu, Lars Petersson, Hongdong Li",CVPR 2020,https://arxiv.org/pdf/2003.03703.pdf,SLR,,,,,,,
2020,Word-level Deep Sign Language Recognition from Video: A New Large-scale Dataset and Methods Comparison,"Dongxu Li, Cristian Rodriguez, Xin Yu, Hongdong Li",WACV 2020,http://openaccess.thecvf.com/content_WACV_2020/papers/Li_Word-level_Deep_Sign_Language_Recognition_from_Video_A_New_Large-scale_WACV_2020_paper.pdf,Dataset,,,,,,,
2020,Neural Sign Language Synthesis: Words Are Our Glosses,"Jan Zelinka, Jakub Kanis",WACV 2020,http://openaccess.thecvf.com/content_WACV_2020/papers/Zelinka_Neural_Sign_Language_Synthesis_Words_Are_Our_Glosses_WACV_2020_paper.pdf,SLP,,,,,,,
2020,Improved Sign Language Translation Model with Explainable Adaptations for Processing Long Sign Sentences,,CIN 2020,https://www.hindawi.com/journals/cin/2020/8816125/,SLT,,,1,,,,
2020,Multi-channel Transformers for Multi-articulatory Sign Language Translation,,arXiv 2020,https://arxiv.org/pdf/2009.00299.pdf,SLT,,,,1,,,
2020,Sign Language Transformers: Joint End-to-end Sign Language Recognition and Translation,"Necati Cihan Camgoz, Oscar Koller, Simon Hadfield, and Richard Bowden",CVPR 2020,https://arxiv.org/pdf/2003.13830.pdf,SLT,https://github.com/neccam/slt,,,1,,,
2020,Better Sign Language Translation with STMC-Transformer,"Kayo Yin, Jesse Read",arXiv 2020,https://arxiv.org/pdf/2004.00588.pdf,SLT,https://github.com/kayoyin/transformer-slt,,,,,,
2020,Neural Sign Language Translation by Learning Tokenization,Alptekin Orbay and Lale Akarun,arXiv 2020,https://arxiv.org/pdf/2002.00479.pdf,SLT,,,,,,,
2020,Stochastic Fine-grained Labeling of Multi-state Sign Glosses for Continuous Sign Language Recognition,,ECCV 2020,http://www.ecva.net/papers/eccv_2020/papers_ECCV/papers/123610171.pdf,SLR,https://github.com/zheniu/stochastic-cslr,,,,,,
2020,Fully Convolutional Networks for Continuous Sign Language Recognition,,ECCV 2020,https://arxiv.org/pdf/2007.12402v1.pdf,SLR,,,,,,,
2020,Spatial-Temporal Multi-Cue Network for Continuous Sign Language Recognition,,AAAI 2020,https://arxiv.org/pdf/2002.03187.pdf,SLR,,,,,,1,
2020,BSL-1K: Scaling up co-articulated sign language recognition using mouthing cues,,ECCV 2020,https://arxiv.org/pdf/2007.12131.pdf,SLR,,,,,,,
2020,Word-level Deep Sign Language Recognition from Video: A New Large-scale Dataset and Methods Comparison,,WACV 2020,https://arxiv.org/pdf/1910.11006.pdf,SLR,https://github.com/dxli94/WLASL,,,,,,
2020,Text2Sign: Towards Sign Language Production Using Neural Machine Translation and Generative Adversarial Networks,"Stephanie Stoll, Necati Cihan Camgoz, Simon Hadfield, Richard Bowden",IJCV 2020,https://link.springer.com/content/pdf/10.1007%2Fs11263-019-01281-2.pdf,Text2Sign,,,,,,,
2020,Progressive Transformers for End-to-End Sign Language Production,,ECCV 2020,https://arxiv.org/pdf/2004.14874.pdf,Text2Sign,,,,,,,
2020,Semantic Boundary Detection with Reinforcement Learning for Continuous Sign Language Recognition,,TCSVT 2020,https://ieeexplore.ieee.org/stamp/stamp.jsp?tp=&arnumber=9106402,SLR,,,,,,1,
2019,Technical approaches to Chinese sign language processing: A review,Suhail Muhammad Kamal; Yidong Chen; Shaozi Li; Xiaodong Shi; Jiangbin Zheng,IEEE Access 2019 (`Recommended`),https://ieeexplore.ieee.org/stamp/stamp.jsp?arnumber=8764391,Survey,,,1,,,,
2019,Deep Grammatical Multi-classifier for Continuous Sign Language Recognition,,BigMM 2019,https://ieeexplore.ieee.org/stamp/stamp.jsp?tp=&arnumber=8919458,SLR,,,,,,1,
2019,Continuous Sign Language Recognition via Reinforcement Learning,,ICIP 2019,https://ieeexplore.ieee.org/stamp/stamp.jsp?tp=&arnumber=8802972,SLR,,,,,,,
2019,Dynamic Pseudo Label Decoding for Continuous Sign Language Recognition,,ICME 2019,https://ieeexplore.ieee.org/stamp/stamp.jsp?tp=&arnumber=8784863,SLR,,,,,,,
2019,Dense Temporal Convolution Network for Sign Language Translation,,IJCAI 2019,https://www.ijcai.org/Proceedings/2019/0105.pdf,SLR,,,,,,1,
2019,A Deep Neural Framework for Continuous Sign Language Recognition by Iterative Training,,IEEE TRANSACTIONS ON MULTIMEDIA 2019,https://ieeexplore.ieee.org/stamp/stamp.jsp?tp=&arnumber=8598757&tag=1,SLR,,,,,,1,
2019,Iterative Alignment Network for Continuous Sign Language,,CVPR 2019,http://openaccess.thecvf.com/content_CVPR_2019/papers/Pu_Iterative_Alignment_Network_for_Continuous_Sign_Language_Recognition_CVPR_2019_paper.pdf,SLR,,,,,,1,
2019,Weakly Supervised Learning with Multi-Stream CNN-LSTM-HMMs to Discover Sequential Parallelism in Sign Language Videos,,TPAMI 2019,https://ieeexplore.ieee.org/stamp/stamp.jsp?tp=&arnumber=8691602,SLR,https://github.com/huerlima/Re-Sign-Re-Aligned-End-to-End-Sequence-Modelling-with-Deep-Recurrent-CNN-HMMs,,,1,,,
2019,SF-Net: Structured Feature Network for Continuous Sign Language Recognition,,arXiv 2019,https://arxiv.org/pdf/1908.01341.pdf,SLR,,,,,,,
2019,Dynamic Sign Language Recognition Based on Video Sequence With BLSTM-3D Residual Networks,,IEEE ACCESS 2019,https://ieeexplore.ieee.org/stamp/stamp.jsp?tp=&arnumber=8667292,SLR,,,,,,,
2019,Temporal Accumulative Features for Sign Language Recognition,,ICCV 2019,https://arxiv.org/pdf/2004.01225.pdf,SLR,,,,,,,
2019,Thai Sign Language Recognition Using 3D Convolutional Neural Networks,,ICCCM 2019,https://dl.acm.org/doi/pdf/10.1145/3348445.3348452?download=true,SLR,,,,,,,
2019,Sign Language Recognition Analysis using Multimodal Data,,DSAA 2019,https://arxiv.org/pdf/1909.11232.pdf,SLR,,,,,,,
2019,Spatial-Temporal Graph Convolutional Networks for Sign Language Recognition,,ICANN 2019,https://arxiv.org/pdf/1901.11164.pdf,SLR,https://github.com/amorim-cleison/st-gcn-sl,,,,,,
2019,Fingerspelling recognition in the wild with iterative visual attention,,ICCV 2019,https://arxiv.org/pdf/1908.10546.pdf,SLR,,,,,,,
2019,Translation of sign language glosses to text using sequence-to-sequence attention models,,SITIS 2019,https://www.researchgate.net/publication/340689060_Translation_of_Sign_Language_Glosses_to_Text_Using_Sequence-to-Sequence_Attention_Models,Gloss2Text,,,,,,,
2018,Attention based 3D-CNNs for Large-Vocabulary Sign Language Recognition,,TCSVT 2018,https://ieeexplore.ieee.org/stamp/stamp.jsp?tp=&arnumber=8466903,SLR,,,,,,,
2018,Video-based sign language recognition without temporal segmentation,,AAAI 2018,https://arxiv.org/pdf/1801.10111.pdf,SLR,,,,,,1,
2018,Hierarchical LSTM for Sign Language Translation,,AAAI 2018,https://pdfs.semanticscholar.org/d44c/20c48e764a546d00b9155a56b171b0dc04bc.pdf,SLT,,,,,,1,
2018,Connectionist Temporal Fusion for Sign Language Translation,,ACMMM 2018,https://dl.acm.org/doi/pdf/10.1145/3240508.3240671,SLT,,,,,,1,
2018,Neural Sign Language Translation based on Human Keypoint Estimation,"Sang-Ki Ko, Chang Jo Kim, Hyedong Jung, Choongsang Cho",arXiv 2018,https://arxiv.org/pdf/1811.11436.pdf,SLT,,,,,,,
2018,Neural Sign Language Translation,"Necati Cihan Camgoz, Simon Hadfield, Oscar Koller, Hermann Ney, Richard Bowden",CVPR 2018,http://openaccess.thecvf.com/content_cvpr_2018/papers/Camgoz_Neural_Sign_Language_CVPR_2018_paper.pdf,SLT,https://github.com/neccam/nslt,,,1,,,
2018,Dilated Convolutional Network with Iterative Optimization for Continuous Sign Language Recognition,,IJCAI 2018,https://www.ijcai.org/Proceedings/2018/0123.pdf,SLR,https://github.com/ustc-slr/DilatedSLR,,,,,1,
2018,Human-like sign-language learning method using deep learning,,ETRI 2018,https://onlinelibrary.wiley.com/doi/pdf/10.4218/etrij.2018-0066,SLR,,,,,,,
2018,Deep Sign: Enabling Robust Statistical Continuous Sign Language Recognition via Hybrid CNN-HMMs,,IJCV 2018,https://dl.acm.org/doi/10.1007/s11263-018-1121-3,SLR,,,,,,,
2018,Attention in Convolutional LSTM for Gesture Recognition,,NIPS 2018,http://papers.nips.cc/paper/7465-attention-in-convolutional-lstm-for-gesture-recognition.pdf,SLR,https://github.com/GuangmingZhu/AttentionConvLSTM,,,,,,
2017,Re-Sign: Re-Aligned End-to-End Sequence Modelling with Deep Recurrent CNN-HMMs,,CVPR 2017,https://www-i6.informatik.rwth-aachen.de/publications/download/1031/KollerOscarZargaranSepehrNeyHermann--Re-SignRe-AlignedEnd-to-EndSequenceModellingwithDeepRecurrentCNN-HMMs--2017.pdf,SLR,https://github.com/huerlima/Re-Sign-Re-Aligned-End-to-End-Sequence-Modelling-with-Deep-Recurrent-CNN-HMMs,,,1,,,
2017,Recurrent Convolutional Neural Networks for Continuous Sign Language Recognition by Staged Optimization,,CVPR 2017,http://openaccess.thecvf.com/content_cvpr_2017/papers/Cui_Recurrent_Convolutional_Neural_CVPR_2017_paper.pdf,SLR,,,,,,,
2017,Online Early-Late Fusion Based on Adaptive HMM for Sign Language Recognition*,,TOMM 2017,https://dl.acm.org/doi/pdf/10.1145/3152121?download=true,SLR,,,,,,,
2017,SubUNets: End-to-End Hand Shape and Continuous Sign Language Recognition,,ICCV 2017,http://openaccess.thecvf.com/content_ICCV_2017/papers/Camgoz_SubUNets_End-To-End_Hand_ICCV_2017_paper.pdf,SLR,https://github.com/neccam/SubUNets,,,1,,,
2017,Learning Spatiotemporal Features Using 3DCNN and Convolutional LSTM for Gesture Recognition,,ICCV 2017,http://openaccess.thecvf.com/content_ICCV_2017_workshops/papers/w44/Zhang_Learning_Spatiotemporal_Features_ICCV_2017_paper.pdf,SLR,https://github.com/GuangmingZhu/Conv3D_BICLSTM,,,,,,
2016,Chinese sign language recognition with adaptive HMM,,ICME 2016,https://ieeexplore.ieee.org/stamp/stamp.jsp?tp=&arnumber=7552950,SLR,,,,,,1,
2016,Sign Language Recognition with Multi-modal Features,,PCM2016,https://link.springer.com/chapter/10.1007/978-3-319-48896-7_25,SLR,,,,,,1,
2016,Sign language recognition using 3D convolutional neural networks,,ICME2015,https://ieeexplore.ieee.org/stamp/stamp.jsp?tp=&arnumber=7177428,SLR,,,,,,1,
2016,Sign language recognition based on adaptive HMMS with data augmentation,,ICIP 2016,https://ieeexplore.ieee.org/stamp/stamp.jsp?tp=&arnumber=7532885,SLR,,,,,,1,
2016,Continuous sign language recognition using level building based on fast hidden Markov model,,Pattern Recognit.Lett.2016,https://www.sciencedirect.com/science/article/pii/S0167865516300344?ref=pdf_download&fr=RR-2&rr=839e188bfdd51083,SLR,,,,,,,
2016,Sign Transition Modeling and a Scalable Solution to Continuous Sign Language Recognition for Real-World Applications,,TACCESS 2016,https://dl.acm.org/doi/pdf/10.1145/2850421?download=true,SLR,,,,,,,
2016,Using Convolutional 3D Neural Networks for User-independent continuous gesture recognition,,ICPR 2016,http://personal.ee.surrey.ac.uk/Personal/S.Hadfield/papers/camgoz2016icprw.pdf,SLR,,,,,,,
2016,Online Detection and Classification of Dynamic Hand Gestures with Recurrent 3D Convolutional Neural Networks,,CVPR 2016,https://research.nvidia.com/sites/default/files/pubs/2016-06_Online-Detection-and/NVIDIA_R3DCNN_cvpr2016.pdf,SLR,,,,,,,
2016,Deep Hand: How to Train a CNN on 1 Million Hand Images When Your Data is Continuous and Weakly Labelled,,CVPR 2016,https://www-i6.informatik.rwth-aachen.de/publications/download/1000/KollerOscarNeyHermannBowdenRichard--DeepHHowtoTrainaCNNon1MillionHImagesWhenYourDataIsContinuousWeaklyLabelled--2016.pdf,SLR,,,,,,,
2016,Deep Sign: Hybrid CNN-HMM for Continuous Sign Language Recognition,,BMVC 2016,https://pdfs.semanticscholar.org/7b2f/db4a2f79a638ad6c5328cd2860b63fdfc100.pdf,SLR,,,,,,,
2016,Sign Language Recognition With Long Short-Term Memory,,ICIP 2016,https://ieeexplore.ieee.org/stamp/stamp.jsp?arnumber=7532884,SLR,,,,,,1,
2016,Iterative Reference Driven Metric Learning for Signer Independent Isolated Sign Language Recognition,,ECCV 2016,http://vipl.ict.ac.cn/uploadfile/upload/2018112115134267.pdf,SLR,,,,,,,
2016,Automatic Alignment of HamNoSys Subunits for Continuous Sign Language Recognition,,LREC 2016,https://pdfs.semanticscholar.org/f6a3/c3ab709eebc91f9639fe6d26b7736c3115b2.pdf?_ga=2.172107747.1969091582.1582720499-418088591.1578543327,SLR,,,,,,,
2015,Hand Gesture Recognition with 3D Convolutional Neural Networks,,CVPRW 2015,https://www.cv-foundation.org/openaccess/content_cvpr_workshops_2015/W15/papers/Molchanov_Hand_Gesture_Recognition_2015_CVPR_paper.pdf,SLR,,,,,,,
2015,Deep Learning of Mouth Shapes for Sign Language,,ICCVW 2015,https://dl.acm.org/doi/10.1109/ICCVW.2015.69,SLR,,,,,,,
2015,Sign Language Recognition using 3D convolutional neural networks,,ICME 2015,https://ieeexplore.ieee.org/stamp/stamp.jsp?tp=&arnumber=7177428,SLR,,,,,,,
2014,Curve Matching from the View of Manifold for Sign Language Recognition,,ACCV 2014,http://whdeng.cn/FSLCV14/pdffiles/w12-o7.pdf,SLR,,,,,,,
2014,A Threshold-based HMM-DTW Approach for Continuous Sign Language Recognition,,ICIMCS 2014,https://dl.acm.org/doi/pdf/10.1145/2632856.2632931?download=true,SLR,,,,,,,
2013,"English-ASL Gloss Parallel Corpus 2012: ASLG-PC12, The Second Release",,ICTA 2013,https://www.researchgate.net/profile/Achraf_Othman/publication/227339312_English-ASL_Gloss_Parallel_Corpus_2012_ASLG-PC12/links/09e414fe0451f44d14000000.pdf,Dataset,,,,,,,
2013,Improving Continuous Sign Language Recognition: Speech Recognition Techniques and System Design,,SLPAT 2013,https://pdfs.semanticscholar.org/91e4/220449ea1d7ed2b49c916dd89af850c69b26.pdf,SLR,,,,,,,
2013,Using Viseme Recognition to Improve a Sign Language Translation System,,IWSLT 2013,https://pdfs.semanticscholar.org/e567/428f531e973a4544f1884d9d7e7aa59953a6.pdf?_ga=2.235954241.1969091582.1582720499-418088591.1578543327,SLR,,,,,,,
2013,Sign Language Recognition and Translation with Kinect,,AFGR 2013,https://pdfs.semanticscholar.org/0450/ecef50fd1f532fe115c5d32c7c3ebed6fd80.pdf?_ga=2.205538387.1969091582.1582720499-418088591.1578543327,SLR,,,,,,,
2012,Sign Language Recognition using Sequential Pattern Trees,,CVPR 2012,http://citeseerx.ist.psu.edu/viewdoc/download?doi=10.1.1.261.3830&rep=rep1&type=pdf,SLR,,,,,,,
2012,Sign language recognition using sub-units,,JMLR 2012,http://www.jmlr.org/papers/volume13/cooper12a/cooper12a.pdf,SLR,,,,,,,
2011,Advances in phonetics-based sub-unit modeling for transcription alignment and sign language recognition,,CVPRW 2011,https://ieeexplore.ieee.org/stamp/stamp.jsp?tp=&arnumber=5981681&tag=1,SLR,,,,,,,
2011,American Sign Language word recognition with a sensory glove using artificial neural networks,,Eng.Appl.Artif.Intell.2011,https://www.sciencedirect.com/science/article/pii/S0952197611001230?ref=pdf_download&fr=RR-2&rr=839e85f93d2504cc,SLR,,,,,,,
2007,Speech Recognition Techniques for a Sign Language Recognition System,,INTERSPEECH 2007,https://www-i6.informatik.rwth-aachen.de/publications/download/154/DreuwPhilippeRybachDavidDeselaersThomasZahediMortezaNeyHermann--SpeechRecognitionTechniquesforaSignLanguageRecognitionSystem--2007.pdf,SLR,,,,,,,
2007,Large-Vocabulary Continuous Sign Language Recognition Based on Transition-Movement Models,,TSMC 2007,https://ieeexplore.ieee.org/stamp/stamp.jsp?tp=&arnumber=4032919,SLR,,,,,,,
1998,Real-time American sign language recognition using desk and wearable computer based video,,TPAMI 1998,http://luthuli.cs.uiuc.edu/~daf/courses/Signals%20AI/Papers/HMMs/00735811.pdf,SLR,,,,,,,
